0.29,"('192.168.1.3', 62355)",0.0
-5.46;-22.45;196.87,"('192.168.1.3', 62357)",0.015620946884155273
0.29,"('192.168.1.3', 62355)",0.015620946884155273
0.29,"('192.168.1.3', 62355)",0.03127622604370117
149.53973346239434;172.4084634408358;4.8245069985352425,"('192.168.1.3', 51954)",0.04690885543823242
0.29,"('192.168.1.3', 62355)",0.06296777725219727
-6.59;-21.96;197.23,"('192.168.1.3', 62357)",0.06296777725219727
0.29,"('192.168.1.3', 62355)",0.06296777725219727
0.29,"('192.168.1.3', 62355)",0.06296777725219727
0.29,"('192.168.1.3', 62355)",0.0786285400390625
0.29,"('192.168.1.3', 62355)",0.0786285400390625
0.29,"('192.168.1.3', 62355)",0.09424901008605957
-7.63;-21.53;197.64,"('192.168.1.3', 62357)",0.09424901008605957
-8.67;-21.10;198.10,"('192.168.1.3', 62357)",0.09424901008605957
-9.76;-20.65;198.61,"('192.168.1.3', 62357)",0.09424901008605957
-10.92;-20.17;199.14,"('192.168.1.3', 62357)",0.09424901008605957
-12.14;-19.70;199.70,"('192.168.1.3', 62357)",0.09424901008605957
0.29,"('192.168.1.3', 62355)",0.09424901008605957
-13.37;-19.29;200.28,"('192.168.1.3', 62357)",0.09424901008605957
0.29,"('192.168.1.3', 62355)",0.10987114906311035
161.8499120851747;161.14522845115545;7.544711297631947,"('192.168.1.3', 51954)",0.1255178451538086
0.29,"('192.168.1.3', 62355)",0.1255178451538086
0.29,"('192.168.1.3', 62355)",0.14111709594726562
0.29,"('192.168.1.3', 62355)",0.15719819068908691
0.29,"('192.168.1.3', 62355)",0.15719819068908691
0.29,"('192.168.1.3', 62355)",0.17285585403442383
0.29,"('192.168.1.3', 62355)",0.17285585403442383
169.63797909210948;154.4649541609588;8.296317157639699,"('192.168.1.3', 51954)",0.1886451244354248
-14.63;-18.96;200.87,"('192.168.1.3', 62357)",0.1886451244354248
0.29,"('192.168.1.3', 62355)",0.1886451244354248
-15.95;-18.67;201.50,"('192.168.1.3', 62357)",0.1886451244354248
-17.20;-18.41;202.08,"('192.168.1.3', 62357)",0.1886451244354248
-18.39;-18.18;202.65,"('192.168.1.3', 62357)",0.1886451244354248
-19.50;-17.93;203.23,"('192.168.1.3', 62357)",0.1886451244354248
-20.53;-17.66;203.80,"('192.168.1.3', 62357)",0.1886451244354248
-21.45;-17.38;204.36,"('192.168.1.3', 62357)",0.1886451244354248
0.29,"('192.168.1.3', 62355)",0.1886451244354248
0.29,"('192.168.1.3', 62355)",0.21972012519836426
0.29,"('192.168.1.3', 62355)",0.21972012519836426
174.16913410247255;166.60382555106267;10.258949533273148,"('192.168.1.3', 51954)",0.23547720909118652
0.29,"('192.168.1.3', 62355)",0.23547720909118652
-22.29;-17.11;204.90,"('192.168.1.3', 62357)",0.23547720909118652
-23.06;-16.80;205.40,"('192.168.1.3', 62357)",0.23547720909118652
0.29,"('192.168.1.3', 62355)",0.23547720909118652
-23.76;-16.49;205.91,"('192.168.1.3', 62357)",0.23547720909118652
-24.36;-16.18;206.35,"('192.168.1.3', 62357)",0.2509629726409912
0.29,"('192.168.1.3', 62355)",0.2540018558502197
0.29,"('192.168.1.3', 62355)",0.2540018558502197
-24.87;-15.85;206.77,"('192.168.1.3', 62357)",0.2540018558502197
0.29,"('192.168.1.3', 62355)",0.267042875289917
-25.30;-15.50;207.16,"('192.168.1.3', 62357)",0.267042875289917
178.65656891866143;176.8778695378843;11.264990906605329,"('192.168.1.3', 51954)",0.28302478790283203
0.29,"('192.168.1.3', 62355)",0.28302478790283203
-25.65;-15.10;207.54,"('192.168.1.3', 62357)",0.28302478790283203
0.29,"('192.168.1.3', 62355)",0.28302478790283203
0.29,"('192.168.1.3', 62355)",0.31394219398498535
0.29,"('192.168.1.3', 62355)",0.31394219398498535
-25.95;-14.66;207.90,"('192.168.1.3', 62357)",0.31394219398498535
-26.27;-14.16;208.24,"('192.168.1.3', 62357)",0.31394219398498535
0.29,"('192.168.1.3', 62355)",0.31394219398498535
177.49184116405183;171.27156695872458;12.62630900009374,"('192.168.1.3', 51954)",0.32980895042419434
-26.58;-13.70;208.57,"('192.168.1.3', 62357)",0.32980895042419434
0.29,"('192.168.1.3', 62355)",0.32980895042419434
-26.90;-13.30;208.91,"('192.168.1.3', 62357)",0.32980895042419434
0.29,"('192.168.1.3', 62355)",0.3451845645904541
-27.22;-12.97;209.24,"('192.168.1.3', 62357)",0.35419130325317383
0.29,"('192.168.1.3', 62355)",0.35419130325317383
0.29,"('192.168.1.3', 62355)",0.36122918128967285
-27.49;-12.66;209.57,"('192.168.1.3', 62357)",0.36122918128967285
172.65690002689456;173.36467924422743;15.907823493732485,"('192.168.1.3', 51954)",0.3771812915802002
0.29,"('192.168.1.3', 62355)",0.3771812915802002
-27.70;-12.31;209.87,"('192.168.1.3', 62357)",0.3771812915802002
0.29,"('192.168.1.3', 62355)",0.3962106704711914
0.29,"('192.168.1.3', 62355)",0.3962106704711914
0.29,"('192.168.1.3', 62355)",0.4090583324432373
0.29,"('192.168.1.3', 62355)",0.42508649826049805
0.29,"('192.168.1.3', 62355)",0.42508649826049805
0.29,"('192.168.1.3', 62355)",0.4403049945831299
0.29,"('192.168.1.3', 62355)",0.4403049945831299
0.29,"('192.168.1.3', 62355)",0.4563438892364502
-27.84;-11.88;210.13,"('192.168.1.3', 62357)",0.4563438892364502
-27.95;-11.32;210.36,"('192.168.1.3', 62357)",0.4719998836517334
0.29,"('192.168.1.3', 62355)",0.4719998836517334
-28.06;-10.78;210.57,"('192.168.1.3', 62357)",0.4719998836517334
-28.19;-10.20;210.79,"('192.168.1.3', 62357)",0.4719998836517334
-28.36;-9.72;211.01,"('192.168.1.3', 62357)",0.4719998836517334
-28.55;-9.32;211.23,"('192.168.1.3', 62357)",0.4719998836517334
-28.77;-8.96;211.43,"('192.168.1.3', 62357)",0.4719998836517334
171.87098025752073;172.88281040871811;17.214335893494987,"('192.168.1.3', 51954)",0.48777198791503906
0.29,"('192.168.1.3', 62355)",0.48777198791503906
0.29,"('192.168.1.3', 62355)",0.5347692966461182
162.91420388577444;174.5829778861434;20.897063505264953,"('192.168.1.3', 51954)",0.5347692966461182
0.29,"('192.168.1.3', 62355)",0.5347692966461182
0.29,"('192.168.1.3', 62355)",0.5347692966461182
0.29,"('192.168.1.3', 62355)",0.5347692966461182
0.29,"('192.168.1.3', 62355)",0.5347692966461182
-28.94;-8.58;211.65,"('192.168.1.3', 62357)",0.5347692966461182
-29.12;-8.16;211.87,"('192.168.1.3', 62357)",0.5347692966461182
-29.28;-7.73;212.10,"('192.168.1.3', 62357)",0.5347692966461182
-29.43;-7.36;212.32,"('192.168.1.3', 62357)",0.5347692966461182
-29.58;-7.03;212.54,"('192.168.1.3', 62357)",0.5347692966461182
0.29,"('192.168.1.3', 62355)",0.5347692966461182
-29.75;-6.77;212.75,"('192.168.1.3', 62357)",0.5500776767730713
0.29,"('192.168.1.3', 62355)",0.5545852184295654
-29.93;-6.56;212.94,"('192.168.1.3', 62357)",0.5660951137542725
-30.12;-6.36;213.15,"('192.168.1.3', 62357)",0.5817551612854004
0.29,"('192.168.1.3', 62355)",0.5817551612854004
-30.31;-6.17;213.35,"('192.168.1.3', 62357)",0.5817551612854004
0.29,"('192.168.1.3', 62355)",0.5817551612854004
0.29,"('192.168.1.3', 62355)",0.5817551612854004
-30.46;-5.96;213.55,"('192.168.1.3', 62357)",0.597374677658081
0.29,"('192.168.1.3', 62355)",0.597374677658081
160.10909691265118;171.5910882673993;21.30372886742052,"('192.168.1.3', 51954)",0.6133379936218262
0.29,"('192.168.1.3', 62355)",0.6133379936218262
0.29,"('192.168.1.3', 62355)",0.6133379936218262
-30.56;-5.74;213.75,"('192.168.1.3', 62357)",0.6133379936218262
0.29,"('192.168.1.3', 62355)",0.6286177635192871
-30.56;-5.53;213.92,"('192.168.1.3', 62357)",0.6286177635192871
0.29,"('192.168.1.3', 62355)",0.6286177635192871
-30.54;-5.28;214.10,"('192.168.1.3', 62357)",0.6442372798919678
0.29,"('192.168.1.3', 62355)",0.6547744274139404
155.32545635598652;168.74531898379374;21.17990471676014,"('192.168.1.3', 51954)",0.6606554985046387
0.29,"('192.168.1.3', 62355)",0.6606554985046387
-30.59;-5.09;214.28,"('192.168.1.3', 62357)",0.6606554985046387
-30.64;-4.93;214.44,"('192.168.1.3', 62357)",0.6919350624084473
-30.65;-4.83;214.60,"('192.168.1.3', 62357)",0.6919350624084473
0.29,"('192.168.1.3', 62355)",0.6919350624084473
0.29,"('192.168.1.3', 62355)",0.6919350624084473
0.29,"('192.168.1.3', 62355)",0.6919350624084473
0.29,"('192.168.1.3', 62355)",0.7075576782226562
0.29,"('192.168.1.3', 62355)",0.7075576782226562
152.2889574708008;165.5167534733584;21.786430227599272,"('192.168.1.3', 51954)",0.7231757640838623
0.29,"('192.168.1.3', 62355)",0.7231757640838623
-30.62;-4.74;214.76,"('192.168.1.3', 62357)",0.7231757640838623
-30.58;-4.70;214.94,"('192.168.1.3', 62357)",0.7231757640838623
-30.52;-4.70;215.16,"('192.168.1.3', 62357)",0.7231757640838623
0.29,"('192.168.1.3', 62355)",0.7231757640838623
-30.37;-4.70;215.42,"('192.168.1.3', 62357)",0.7231757640838623
0.29,"('192.168.1.3', 62355)",0.7387983798980713
0.29,"('192.168.1.3', 62355)",0.7549567222595215
153.19320452129983;168.87892437925814;21.52970236833808,"('192.168.1.3', 51954)",0.7705168724060059
0.29,"('192.168.1.3', 62355)",0.7705168724060059
0.29,"('192.168.1.3', 62355)",0.7705168724060059
0.29,"('192.168.1.3', 62355)",0.7861447334289551
0.29,"('192.168.1.3', 62355)",0.7861447334289551
0.29,"('192.168.1.3', 62355)",0.8017661571502686
-30.10;-4.64;215.76,"('192.168.1.3', 62357)",0.8017661571502686
-29.80;-4.50;216.13,"('192.168.1.3', 62357)",0.8017661571502686
-29.46;-4.30;216.56,"('192.168.1.3', 62357)",0.8017661571502686
-29.11;-4.09;217.05,"('192.168.1.3', 62357)",0.8017661571502686
-28.77;-3.88;217.61,"('192.168.1.3', 62357)",0.8175146579742432
148.47742183778868;169.82555568053198;24.76389428277888,"('192.168.1.3', 51954)",0.8175146579742432
-28.39;-3.75;218.20,"('192.168.1.3', 62357)",0.8175146579742432
0.29,"('192.168.1.3', 62355)",0.8175146579742432
0.29,"('192.168.1.3', 62355)",0.8175146579742432
-27.94;-3.63;218.84,"('192.168.1.3', 62357)",0.8175146579742432
0.29,"('192.168.1.3', 62355)",0.8486642837524414
0.29,"('192.168.1.3', 62355)",0.8552029132843018
0.29,"('192.168.1.3', 62355)",0.8552029132843018
146.84033356945724;166.0888449086373;24.897313080009923,"('192.168.1.3', 51954)",0.8649704456329346
0.29,"('192.168.1.3', 62355)",0.8649704456329346
0.29,"('192.168.1.3', 62355)",0.8806271553039551
0.29,"('192.168.1.3', 62355)",0.9005205631256104
108.68926424274213;142.88577215284187;27.08670338404685,"('192.168.1.3', 51954)",0.9120631217956543
0.29,"('192.168.1.3', 62355)",0.9120631217956543
0.29,"('192.168.1.3', 62355)",0.9120631217956543
0.29,"('192.168.1.3', 62355)",0.9120631217956543
-27.43;-3.44;219.53,"('192.168.1.3', 62357)",0.9120631217956543
-26.86;-3.16;220.25,"('192.168.1.3', 62357)",0.9120631217956543
-26.25;-2.86;221.00,"('192.168.1.3', 62357)",0.9120631217956543
-25.64;-2.54;221.79,"('192.168.1.3', 62357)",0.9120631217956543
-24.99;-2.32;222.67,"('192.168.1.3', 62357)",0.9120631217956543
-24.32;-2.16;223.63,"('192.168.1.3', 62357)",0.9120631217956543
-23.63;-1.99;224.68,"('192.168.1.3', 62357)",0.9120631217956543
0.29,"('192.168.1.3', 62355)",0.9277212619781494
-22.98;-1.78;225.81,"('192.168.1.3', 62357)",0.9277212619781494
0.29,"('192.168.1.3', 62355)",0.9433572292327881
0.29,"('192.168.1.3', 62355)",0.9553613662719727
106.92939884828593;165.52859617255388;25.71459700018951,"('192.168.1.3', 51954)",0.9596726894378662
0.29,"('192.168.1.3', 62355)",0.9596726894378662
0.29,"('192.168.1.3', 62355)",0.9753298759460449
0.29,"('192.168.1.3', 62355)",0.9753298759460449
0.29,"('192.168.1.3', 62355)",0.990950345993042
-22.28;-1.49;227.09,"('192.168.1.3', 62357)",0.990950345993042
-21.67;-1.13;228.33,"('192.168.1.3', 62357)",0.990950345993042
-20.90;-0.83;229.60,"('192.168.1.3', 62357)",0.990950345993042
-20.01;-0.69;230.85,"('192.168.1.3', 62357)",0.990950345993042
-19.04;-0.60;232.05,"('192.168.1.3', 62357)",0.990950345993042
0.29,"('192.168.1.3', 62355)",0.990950345993042
102.92507256327013;177.4183639395621;25.483911491629037,"('192.168.1.3', 51954)",1.0068039894104004
-17.94;-0.52;233.23,"('192.168.1.3', 62357)",1.0068039894104004
0.29,"('192.168.1.3', 62355)",1.0068039894104004
0.29,"('192.168.1.3', 62355)",1.0221939086914062
-16.79;-0.30;234.38,"('192.168.1.3', 62357)",1.0221939086914062
0.29,"('192.168.1.3', 62355)",1.0378177165985107
0.29,"('192.168.1.3', 62355)",1.0378177165985107
101.04001469647636;169.1932008456587;26.19697977754159,"('192.168.1.3', 51954)",1.0535762310028076
0.29,"('192.168.1.3', 62355)",1.0556130409240723
0.29,"('192.168.1.3', 62355)",1.0696494579315186
0.29,"('192.168.1.3', 62355)",1.0696494579315186
-15.66;0.13;235.52,"('192.168.1.3', 62357)",1.0696494579315186
-14.42;0.76;236.74,"('192.168.1.3', 62357)",1.0696494579315186
-13.35;1.26;237.89,"('192.168.1.3', 62357)",1.0696494579315186
-12.30;1.53;239.05,"('192.168.1.3', 62357)",1.0696494579315186
0.29,"('192.168.1.3', 62355)",1.0853087902069092
-11.25;1.62;240.19,"('192.168.1.3', 62357)",1.0853087902069092
0.29,"('192.168.1.3', 62355)",1.0853087902069092
97.30306431059887;170.7743427264392;26.565300264254113,"('192.168.1.3', 51954)",1.1010968685150146
-10.24;1.71;241.26,"('192.168.1.3', 62357)",1.1010968685150146
0.29,"('192.168.1.3', 62355)",1.1165504455566406
-9.30;2.06;242.14,"('192.168.1.3', 62357)",1.1165504455566406
0.29,"('192.168.1.3', 62355)",1.1165504455566406
0.29,"('192.168.1.3', 62355)",1.1321401596069336
-8.44;2.86;242.82,"('192.168.1.3', 62357)",1.1321401596069336
0.29,"('192.168.1.3', 62355)",1.1321401596069336
-7.75;3.72;243.41,"('192.168.1.3', 62357)",1.1321401596069336
89.21213420413295;163.06963972838577;26.631718443632376,"('192.168.1.3', 51954)",1.1479575634002686
0.29,"('192.168.1.3', 62355)",1.1640512943267822
0.29,"('192.168.1.3', 62355)",1.1640512943267822
0.29,"('192.168.1.3', 62355)",1.1640512943267822
0.29,"('192.168.1.3', 62355)",1.1797072887420654
-7.23;4.23;243.97,"('192.168.1.3', 62357)",1.1797072887420654
-7.01;4.16;244.40,"('192.168.1.3', 62357)",1.1797072887420654
-6.91;3.63;244.67,"('192.168.1.3', 62357)",1.1797072887420654
0.29,"('192.168.1.3', 62355)",1.1797072887420654
81.86227861070364;140.10251929716708;27.261606890040262,"('192.168.1.3', 51954)",1.1954948902130127
-6.88;3.35;244.63,"('192.168.1.3', 62357)",1.1954948902130127
0.29,"('192.168.1.3', 62355)",1.2109177112579346
0.29,"('192.168.1.3', 62355)",1.2109177112579346
0.29,"('192.168.1.3', 62355)",1.2265403270721436
0.29,"('192.168.1.3', 62355)",1.2265403270721436
-6.38;4.45;243.96,"('192.168.1.3', 62357)",1.2265403270721436
81.7817346364726;158.1483212717585;27.243236361083788,"('192.168.1.3', 51954)",1.2424612045288086
-5.17;6.80;242.17,"('192.168.1.3', 62357)",1.2424612045288086
-3.14;9.23;238.68,"('192.168.1.3', 62357)",1.2555015087127686
0.29,"('192.168.1.3', 62355)",1.2555015087127686
0.50;11.93;233.58,"('192.168.1.3', 62357)",1.2555015087127686
0.29,"('192.168.1.3', 62355)",1.2555015087127686
1.84;14.82;232.64,"('192.168.1.3', 62357)",1.258540391921997
0.29,"('192.168.1.3', 62355)",1.258540391921997
4.28;9.66;233.17,"('192.168.1.3', 62357)",1.274195909500122
0.29,"('192.168.1.3', 62355)",1.274195909500122
6.76;12.17;229.32,"('192.168.1.3', 62357)",1.2898344993591309
80.84346576613979;152.58167051353638;27.74874463674388,"('192.168.1.3', 51954)",1.2898344993591309
0.29,"('192.168.1.3', 62355)",1.2898344993591309
8.73;14.66;230.58,"('192.168.1.3', 62357)",1.2898344993591309
0.29,"('192.168.1.3', 62355)",1.2898344993591309
8.27;15.10;230.73,"('192.168.1.3', 62357)",1.3210608959197998
0.29,"('192.168.1.3', 62355)",1.3366813659667969
8.03;15.33;230.63,"('192.168.1.3', 62357)",1.3366813659667969
0.29,"('192.168.1.3', 62355)",1.35579252243042
7.38;14.33;230.36,"('192.168.1.3', 62357)",1.35579252243042
0.29,"('192.168.1.3', 62355)",1.35579252243042
6.85;15.06;229.89,"('192.168.1.3', 62357)",1.35579252243042
7.25;16.05;229.47,"('192.168.1.3', 62357)",1.3682982921600342
81.10543298192061;176.57512176144277;26.66897327505084,"('192.168.1.3', 51954)",1.3682982921600342
0.29,"('192.168.1.3', 62355)",1.3682982921600342
0.29,"('192.168.1.3', 62355)",1.3682982921600342
0.29,"('192.168.1.3', 62355)",1.3682982921600342
0.29,"('192.168.1.3', 62355)",1.3682982921600342
0.29,"('192.168.1.3', 62355)",1.3682982921600342
7.82;16.29;229.22,"('192.168.1.3', 62357)",1.3682982921600342
0.29,"('192.168.1.3', 62355)",1.3839247226715088
8.24;16.41;229.04,"('192.168.1.3', 62357)",1.3839247226715088
0.29,"('192.168.1.3', 62355)",1.3995468616485596
8.35;16.64;228.85,"('192.168.1.3', 62357)",1.3995468616485596
0.29,"('192.168.1.3', 62355)",1.3995468616485596
80.67053433172464;167.89452964915066;25.450143076013223,"('192.168.1.3', 51954)",1.4156160354614258
0.29,"('192.168.1.3', 62355)",1.4471490383148193
0.29,"('192.168.1.3', 62355)",1.4471490383148193
8.55;16.75;228.68,"('192.168.1.3', 62357)",1.4471490383148193
8.75;16.94;228.49,"('192.168.1.3', 62357)",1.4471490383148193
0.29,"('192.168.1.3', 62355)",1.4471490383148193
8.79;16.91;228.31,"('192.168.1.3', 62357)",1.4471490383148193
0.29,"('192.168.1.3', 62355)",1.4471490383148193
8.51;17.17;228.12,"('192.168.1.3', 62357)",1.4556849002838135
78.37210792709237;176.6515865139252;25.556406459336113,"('192.168.1.3', 51954)",1.4635300636291504
0.29,"('192.168.1.3', 62355)",1.4635300636291504
0.29,"('192.168.1.3', 62355)",1.4791889190673828
8.25;17.31;228.01,"('192.168.1.3', 62357)",1.4791889190673828
1.03,"('192.168.1.3', 62355)",1.4791889190673828
8.23;17.40;227.86,"('192.168.1.3', 62357)",1.4791889190673828
1.03,"('192.168.1.3', 62355)",1.4948101043701172
8.28;17.58;227.73,"('192.168.1.3', 62357)",1.4948101043701172
78.80534109728075;170.33240401236353;25.60176602493617,"('192.168.1.3', 51954)",1.510786771774292
1.03,"('192.168.1.3', 62355)",1.510786771774292
8.38;17.71;227.61,"('192.168.1.3', 62357)",1.510786771774292
1.03,"('192.168.1.3', 62355)",1.510786771774292
8.52;17.79;227.51,"('192.168.1.3', 62357)",1.5260546207427979
1.03,"('192.168.1.3', 62355)",1.5260546207427979
1.03,"('192.168.1.3', 62355)",1.5416734218597412
8.67;18.00;227.41,"('192.168.1.3', 62357)",1.5416734218597412
1.03,"('192.168.1.3', 62355)",1.5416734218597412
8.87;18.03;227.32,"('192.168.1.3', 62357)",1.5416734218597412
79.47939169587659;160.68481330370548;24.181077303028676,"('192.168.1.3', 51954)",1.557748794555664
1.03,"('192.168.1.3', 62355)",1.557748794555664
9.02;18.04;227.20,"('192.168.1.3', 62357)",1.557748794555664
1.03,"('192.168.1.3', 62355)",1.557748794555664
9.11;18.11;227.06,"('192.168.1.3', 62357)",1.5734062194824219
3.69,"('192.168.1.3', 62355)",1.5734062194824219
3.69,"('192.168.1.3', 62355)",1.589029312133789
9.09;18.29;226.92,"('192.168.1.3', 62357)",1.589029312133789
3.69,"('192.168.1.3', 62355)",1.589029312133789
80.68219635129253;159.79695328636143;23.75263012750773,"('192.168.1.3', 51954)",1.6046841144561768
9.06;18.44;226.79,"('192.168.1.3', 62357)",1.6046841144561768
3.69,"('192.168.1.3', 62355)",1.6202738285064697
3.69,"('192.168.1.3', 62355)",1.6202738285064697
9.12;18.41;226.67,"('192.168.1.3', 62357)",1.6202738285064697
9.18;18.46;226.51,"('192.168.1.3', 62357)",1.6358933448791504
3.69,"('192.168.1.3', 62355)",1.6358933448791504
3.69,"('192.168.1.3', 62355)",1.6358933448791504
9.15;18.61;226.37,"('192.168.1.3', 62357)",1.6358933448791504
79.79239835580671;173.402334900865;23.97445520964138,"('192.168.1.3', 51954)",1.6518261432647705
3.69,"('192.168.1.3', 62355)",1.6558630466461182
9.11;18.73;226.24,"('192.168.1.3', 62357)",1.6835572719573975
3.69,"('192.168.1.3', 62355)",1.6835572719573975
9.21;18.72;226.10,"('192.168.1.3', 62357)",1.6835572719573975
9.29;18.92;225.93,"('192.168.1.3', 62357)",1.6835572719573975
6.25,"('192.168.1.3', 62355)",1.6835572719573975
6.25,"('192.168.1.3', 62355)",1.6835572719573975
6.25,"('192.168.1.3', 62355)",1.6835572719573975
9.42;19.01;225.75,"('192.168.1.3', 62357)",1.6835572719573975
80.61658249276036;179.00564705873552;24.643889767741083,"('192.168.1.3', 51954)",1.6993412971496582
6.25,"('192.168.1.3', 62355)",1.6993412971496582
9.54;18.98;225.54,"('192.168.1.3', 62357)",1.6993412971496582
6.25,"('192.168.1.3', 62355)",1.7147974967956543
9.68;18.86;225.30,"('192.168.1.3', 62357)",1.7147974967956543
6.25,"('192.168.1.3', 62355)",1.7147974967956543
6.25,"('192.168.1.3', 62355)",1.7304229736328125
9.86;18.66;225.04,"('192.168.1.3', 62357)",1.7304229736328125
6.25,"('192.168.1.3', 62355)",1.7304229736328125
77.48865134858096;166.89339194008252;25.556517903338754,"('192.168.1.3', 51954)",1.7460424900054932
10.08;18.45;224.73,"('192.168.1.3', 62357)",1.7460424900054932
6.25,"('192.168.1.3', 62355)",1.7560787200927734
10.35;18.07;224.40,"('192.168.1.3', 62357)",1.7560787200927734
8.69,"('192.168.1.3', 62355)",1.7620820999145508
10.55;17.73;224.05,"('192.168.1.3', 62357)",1.7620820999145508
8.69,"('192.168.1.3', 62355)",1.7620820999145508
8.69,"('192.168.1.3', 62355)",1.777740716934204
10.83;17.50;223.70,"('192.168.1.3', 62357)",1.777740716934204
8.69,"('192.168.1.3', 62355)",1.7933270931243896
11.09;17.27;223.37,"('192.168.1.3', 62357)",1.7933270931243896
8.69,"('192.168.1.3', 62355)",1.7933270931243896
78.91024382197861;164.90352172084235;25.397984688586302,"('192.168.1.3', 51954)",1.808983564376831
11.37;16.99;223.02,"('192.168.1.3', 62357)",1.808983564376831
8.69,"('192.168.1.3', 62355)",1.808983564376831
11.61;16.73;222.72,"('192.168.1.3', 62357)",1.8245725631713867
8.69,"('192.168.1.3', 62355)",1.8245725631713867
8.69,"('192.168.1.3', 62355)",1.8245725631713867
11.81;16.40;222.46,"('192.168.1.3', 62357)",1.8401944637298584
10.87,"('192.168.1.3', 62355)",1.856353759765625
11.99;16.07;222.27,"('192.168.1.3', 62357)",1.856353759765625
10.87,"('192.168.1.3', 62355)",1.856353759765625
12.18;15.83;222.17,"('192.168.1.3', 62357)",1.856353759765625
82.08281183093527;171.11444200645607;25.022923054882266,"('192.168.1.3', 51954)",1.8718926906585693
10.87,"('192.168.1.3', 62355)",1.8718926906585693
12.32;15.84;222.16,"('192.168.1.3', 62357)",1.8718926906585693
10.87,"('192.168.1.3', 62355)",1.8718926906585693
10.87,"('192.168.1.3', 62355)",1.8875179290771484
12.42;15.99;222.26,"('192.168.1.3', 62357)",1.8875179290771484
10.87,"('192.168.1.3', 62355)",1.9031383991241455
12.41;16.10;222.46,"('192.168.1.3', 62357)",1.9031383991241455
10.87,"('192.168.1.3', 62355)",1.9031383991241455
89.56570137676732;160.80961840454873;24.99732752937194,"('192.168.1.3', 51954)",1.918832778930664
12.34;16.13;222.66,"('192.168.1.3', 62357)",1.9380733966827393
10.87,"('192.168.1.3', 62355)",1.9380733966827393
10.87,"('192.168.1.3', 62355)",1.9566471576690674
12.22;16.11;222.85,"('192.168.1.3', 62357)",1.9566471576690674
11.97;16.00;223.09,"('192.168.1.3', 62357)",1.9566471576690674
11.77;15.63;223.46,"('192.168.1.3', 62357)",1.9566471576690674
97.93604655085664;144.62288670949818;24.38653108882514,"('192.168.1.3', 51954)",1.9661543369293213
11.51;15.00;223.90,"('192.168.1.3', 62357)",1.9661543369293213
12.40,"('192.168.1.3', 62355)",1.9661543369293213
12.40,"('192.168.1.3', 62355)",1.9661543369293213
12.40,"('192.168.1.3', 62355)",1.9661543369293213
12.40,"('192.168.1.3', 62355)",1.9818081855773926
11.22;14.25;224.35,"('192.168.1.3', 62357)",1.9818081855773926
12.40,"('192.168.1.3', 62355)",1.9818081855773926
12.40,"('192.168.1.3', 62355)",1.9818081855773926
10.82;13.42;224.78,"('192.168.1.3', 62357)",1.997434139251709
12.40,"('192.168.1.3', 62355)",1.997434139251709
106.68113748872685;166.213021868465;21.903877773211466,"('192.168.1.3', 51954)",2.0133473873138428
10.39;12.46;225.24,"('192.168.1.3', 62357)",2.0133473873138428
9.97;11.69;225.68,"('192.168.1.3', 62357)",2.0133473873138428
12.40,"('192.168.1.3', 62355)",2.0286753177642822
12.40,"('192.168.1.3', 62355)",2.0286753177642822
12.95,"('192.168.1.3', 62355)",2.0286753177642822
9.62;11.01;226.10,"('192.168.1.3', 62357)",2.0286753177642822
9.29;10.41;226.48,"('192.168.1.3', 62357)",2.0442955493927
103.38651216986887;156.38028754919637;21.260794775756686,"('192.168.1.3', 51954)",2.0605411529541016
8.89;9.91;226.85,"('192.168.1.3', 62357)",2.0605411529541016
12.95,"('192.168.1.3', 62355)",2.0605411529541016
12.95,"('192.168.1.3', 62355)",2.0605411529541016
12.95,"('192.168.1.3', 62355)",2.0605411529541016
8.42;9.42;227.22,"('192.168.1.3', 62357)",2.076199769973755
12.95,"('192.168.1.3', 62355)",2.076199769973755
12.95,"('192.168.1.3', 62355)",2.076199769973755
8.03;8.80;227.54,"('192.168.1.3', 62357)",2.076199769973755
12.95,"('192.168.1.3', 62355)",2.0918211936950684
7.64;8.15;227.76,"('192.168.1.3', 62357)",2.1074421405792236
12.95,"('192.168.1.3', 62355)",2.1074421405792236
7.20;7.49;227.91,"('192.168.1.3', 62357)",2.1074421405792236
12.95,"('192.168.1.3', 62355)",2.1074421405792236
13.01,"('192.168.1.3', 62355)",2.123061418533325
102.87695706579143;159.26215214201954;18.939824078952306,"('192.168.1.3', 51954)",2.138688087463379
6.76;6.84;228.00,"('192.168.1.3', 62357)",2.138688087463379
6.23;6.06;228.05,"('192.168.1.3', 62357)",2.138688087463379
13.01,"('192.168.1.3', 62355)",2.138688087463379
5.67;5.10;228.00,"('192.168.1.3', 62357)",2.1543054580688477
13.01,"('192.168.1.3', 62355)",2.156843900680542
13.01,"('192.168.1.3', 62355)",2.156843900680542
5.03;4.12;227.80,"('192.168.1.3', 62357)",2.156843900680542
13.01,"('192.168.1.3', 62355)",2.170382261276245
4.26;3.20;227.46,"('192.168.1.3', 62357)",2.170382261276245
13.01,"('192.168.1.3', 62355)",2.170382261276245
102.25991727879665;146.21615877785896;17.835594744339787,"('192.168.1.3', 51954)",2.1861777305603027
3.29;2.26;227.00,"('192.168.1.3', 62357)",2.2016663551330566
13.01,"('192.168.1.3', 62355)",2.2016663551330566
13.01,"('192.168.1.3', 62355)",2.2016663551330566
2.22;1.11;226.49,"('192.168.1.3', 62357)",2.2016663551330566
13.01,"('192.168.1.3', 62355)",2.2016663551330566
108.32506852226999;162.4899209586724;17.10136322297346,"('192.168.1.3', 51954)",2.233067750930786
13.01,"('192.168.1.3', 62355)",2.233067750930786
13.01,"('192.168.1.3', 62355)",2.233067750930786
13.01,"('192.168.1.3', 62355)",2.233067750930786
1.05;-0.28;225.94,"('192.168.1.3', 62357)",2.248525857925415
-0.12;-1.87;225.35,"('192.168.1.3', 62357)",2.248525857925415
-1.49;-3.71;224.60,"('192.168.1.3', 62357)",2.248525857925415
13.01,"('192.168.1.3', 62355)",2.248525857925415
-2.96;-5.58;223.75,"('192.168.1.3', 62357)",2.257063388824463
13.01,"('192.168.1.3', 62355)",2.2646026611328125
-4.73;-7.48;222.80,"('192.168.1.3', 62357)",2.2646026611328125
13.01,"('192.168.1.3', 62355)",2.2646026611328125
102.76014876495361;147.3150184792744;15.23342876579435,"('192.168.1.3', 51954)",2.2805590629577637
-6.48;-9.31;221.83,"('192.168.1.3', 62357)",2.2805590629577637
13.01,"('192.168.1.3', 62355)",2.295883893966675
-7.95;-10.87;220.92,"('192.168.1.3', 62357)",2.295883893966675
13.01,"('192.168.1.3', 62355)",2.295883893966675
13.01,"('192.168.1.3', 62355)",2.295883893966675
13.00,"('192.168.1.3', 62355)",2.311504364013672
79.68484297177838;158.00259659335785;20.66690738153441,"('192.168.1.3', 51954)",2.3273956775665283
13.00,"('192.168.1.3', 62355)",2.3273956775665283
13.00,"('192.168.1.3', 62355)",2.3273956775665283
-9.14;-11.91;220.04,"('192.168.1.3', 62357)",2.342745065689087
-10.24;-12.46;219.12,"('192.168.1.3', 62357)",2.342745065689087
-11.35;-12.80;218.05,"('192.168.1.3', 62357)",2.342745065689087
13.00,"('192.168.1.3', 62355)",2.342745065689087
-12.34;-13.22;217.00,"('192.168.1.3', 62357)",2.342745065689087
13.00,"('192.168.1.3', 62355)",2.3587872982025146
-13.24;-13.82;215.99,"('192.168.1.3', 62357)",2.3587872982025146
13.00,"('192.168.1.3', 62355)",2.3744118213653564
13.00,"('192.168.1.3', 62355)",2.3744118213653564
-14.12;-14.46;215.03,"('192.168.1.3', 62357)",2.3744118213653564
84.192714489107;167.11399131074967;18.791565998274866,"('192.168.1.3', 51954)",2.39020037651062
13.00,"('192.168.1.3', 62355)",2.39020037651062
-15.08;-14.94;214.08,"('192.168.1.3', 62357)",2.39020037651062
13.00,"('192.168.1.3', 62355)",2.405686140060425
-16.13;-15.28;213.07,"('192.168.1.3', 62357)",2.4213130474090576
-17.27;-15.46;211.98,"('192.168.1.3', 62357)",2.4213130474090576
12.99,"('192.168.1.3', 62355)",2.4213130474090576
12.99,"('192.168.1.3', 62355)",2.4368977546691895
-18.36;-15.70;210.83,"('192.168.1.3', 62357)",2.4368977546691895
12.99,"('192.168.1.3', 62355)",2.4368977546691895
12.99,"('192.168.1.3', 62355)",2.4368977546691895
-19.44;-16.07;209.64,"('192.168.1.3', 62357)",2.4368977546691895
113.19311522381773;144.63966527351877;17.893274068587974,"('192.168.1.3', 51954)",2.452782392501831
12.99,"('192.168.1.3', 62355)",2.453892230987549
-20.67;-16.50;208.46,"('192.168.1.3', 62357)",2.457149028778076
12.99,"('192.168.1.3', 62355)",2.4686896800994873
120.25442753072926;158.1332990680611;10.710625650400836,"('192.168.1.3', 51954)",2.5002553462982178
12.99,"('192.168.1.3', 62355)",2.5155885219573975
12.99,"('192.168.1.3', 62355)",2.5155885219573975
12.99,"('192.168.1.3', 62355)",2.5155885219573975
12.98,"('192.168.1.3', 62355)",2.5155885219573975
12.98,"('192.168.1.3', 62355)",2.5155885219573975
12.98,"('192.168.1.3', 62355)",2.5155885219573975
-21.94;-17.07;207.37,"('192.168.1.3', 62357)",2.5312089920043945
-23.30;-17.80;206.27,"('192.168.1.3', 62357)",2.5312089920043945
-24.55;-18.47;205.24,"('192.168.1.3', 62357)",2.5312089920043945
-25.70;-18.94;204.17,"('192.168.1.3', 62357)",2.5312089920043945
-26.76;-19.18;203.00,"('192.168.1.3', 62357)",2.5312089920043945
12.98,"('192.168.1.3', 62355)",2.5312089920043945
-27.69;-19.25;201.77,"('192.168.1.3', 62357)",2.5312089920043945
119.71029371384293;166.49941736781935;7.290099021173997,"('192.168.1.3', 51954)",2.5470004081726074
-28.57;-19.19;200.54,"('192.168.1.3', 62357)",2.557037115097046
12.98,"('192.168.1.3', 62355)",2.5787360668182373
-29.55;-19.12;199.39,"('192.168.1.3', 62357)",2.5787360668182373
12.98,"('192.168.1.3', 62355)",2.5787360668182373
-30.68;-19.20;198.34,"('192.168.1.3', 62357)",2.5787360668182373
80.40686573726964;132.7974018382342;3.525423633654177,"('192.168.1.3', 51954)",2.59452223777771
12.98,"('192.168.1.3', 62355)",2.6256046295166016
12.98,"('192.168.1.3', 62355)",2.6256046295166016
12.98,"('192.168.1.3', 62355)",2.6256046295166016
12.97,"('192.168.1.3', 62355)",2.6256046295166016
12.97,"('192.168.1.3', 62355)",2.6256046295166016
12.97,"('192.168.1.3', 62355)",2.6256046295166016
-31.77;-19.59;197.32,"('192.168.1.3', 62357)",2.6256046295166016
12.97,"('192.168.1.3', 62355)",2.6256046295166016
-32.73;-20.13;196.40,"('192.168.1.3', 62357)",2.6256046295166016
-33.52;-20.56;195.51,"('192.168.1.3', 62357)",2.6256046295166016
-34.25;-20.75;194.61,"('192.168.1.3', 62357)",2.6256046295166016
87.51083728850875;177.59739053101396;2.6735488879550644,"('192.168.1.3', 51954)",2.6415719985961914
-34.85;-20.71;193.72,"('192.168.1.3', 62357)",2.6415719985961914
12.97,"('192.168.1.3', 62355)",2.6415719985961914
12.97,"('192.168.1.3', 62355)",2.6415719985961914
-35.30;-20.56;192.80,"('192.168.1.3', 62357)",2.6570820808410645
12.97,"('192.168.1.3', 62355)",2.6570820808410645
-35.66;-20.27;191.87,"('192.168.1.3', 62357)",2.6570820808410645
86.43691264935501;158.59647147548276;7.040939437686063,"('192.168.1.3', 51954)",2.688598394393921
12.97,"('192.168.1.3', 62355)",2.688598394393921
12.97,"('192.168.1.3', 62355)",2.688598394393921
12.97,"('192.168.1.3', 62355)",2.688598394393921
-36.02;-19.99;190.92,"('192.168.1.3', 62357)",2.688598394393921
-36.36;-19.89;190.10,"('192.168.1.3', 62357)",2.688598394393921
12.97,"('192.168.1.3', 62355)",2.7039878368377686
-36.69;-19.97;189.36,"('192.168.1.3', 62357)",2.7039878368377686
12.97,"('192.168.1.3', 62355)",2.7039878368377686
-37.01;-20.22;188.68,"('192.168.1.3', 62357)",2.719599962234497
12.97,"('192.168.1.3', 62355)",2.719599962234497
82.20287213394789;144.40619087346394;14.36971697566247,"('192.168.1.3', 51954)",2.7353572845458984
12.97,"('192.168.1.3', 62355)",2.7353572845458984
12.97,"('192.168.1.3', 62355)",2.757380962371826
12.97,"('192.168.1.3', 62355)",2.7669270038604736
12.97,"('192.168.1.3', 62355)",2.7669270038604736
12.96,"('192.168.1.3', 62355)",2.7669270038604736
76.66302676732863;165.67665025078387;23.036111659898722,"('192.168.1.3', 51954)",2.7828567028045654
12.96,"('192.168.1.3', 62355)",2.7828567028045654
-37.31;-20.51;188.03,"('192.168.1.3', 62357)",2.7828567028045654
-37.55;-20.77;187.41,"('192.168.1.3', 62357)",2.7828567028045654
-37.78;-20.92;186.80,"('192.168.1.3', 62357)",2.7828567028045654
-38.04;-20.97;186.20,"('192.168.1.3', 62357)",2.7828567028045654
-38.36;-21.00;185.61,"('192.168.1.3', 62357)",2.7828567028045654
12.96,"('192.168.1.3', 62355)",2.7982044219970703
-38.69;-21.10;185.09,"('192.168.1.3', 62357)",2.7982044219970703
12.96,"('192.168.1.3', 62355)",2.7982044219970703
-39.02;-21.31;184.61,"('192.168.1.3', 62357)",2.7982044219970703
90.85146694515555;171.01843070068847;31.751031872029273,"('192.168.1.3', 51954)",2.8452348709106445
-39.33;-21.60;184.16,"('192.168.1.3', 62357)",2.8452348709106445
12.96,"('192.168.1.3', 62355)",2.8452348709106445
-39.51;-21.97;183.73,"('192.168.1.3', 62357)",2.8572418689727783
-39.68;-22.19;183.29,"('192.168.1.3', 62357)",2.8572418689727783
12.96,"('192.168.1.3', 62355)",2.8572418689727783
12.96,"('192.168.1.3', 62355)",2.8572418689727783
12.96,"('192.168.1.3', 62355)",2.8572418689727783
12.96,"('192.168.1.3', 62355)",2.8612775802612305
-39.85;-22.30;182.80,"('192.168.1.3', 62357)",2.8612775802612305
12.96,"('192.168.1.3', 62355)",2.8612775802612305
12.96,"('192.168.1.3', 62355)",2.892530918121338
115.62318226222061;160.29437349021012;45.88460568300911,"('192.168.1.3', 51954)",2.892530918121338
12.96,"('192.168.1.3', 62355)",2.892530918121338
-40.03;-22.33;182.36,"('192.168.1.3', 62357)",2.892530918121338
-40.21;-22.42;181.92,"('192.168.1.3', 62357)",2.892530918121338
12.96,"('192.168.1.3', 62355)",2.892530918121338
-40.37;-22.63;181.46,"('192.168.1.3', 62357)",2.892530918121338
12.96,"('192.168.1.3', 62355)",2.9081437587738037
-40.46;-22.93;181.01,"('192.168.1.3', 62357)",2.9081437587738037
12.96,"('192.168.1.3', 62355)",2.923764944076538
-40.48;-23.23;180.54,"('192.168.1.3', 62357)",2.923764944076538
-40.45;-23.46;180.03,"('192.168.1.3', 62357)",2.9394192695617676
155.38598928737014;159.9211322592849;79.72196975016993,"('192.168.1.3', 51954)",2.955125331878662
-40.36;-23.62;179.48,"('192.168.1.3', 62357)",2.9571549892425537
12.96,"('192.168.1.3', 62355)",2.9571549892425537
12.96,"('192.168.1.3', 62355)",2.9571549892425537
12.96,"('192.168.1.3', 62355)",2.9738285541534424
-40.25;-23.71;178.89,"('192.168.1.3', 62357)",2.9743435382843018
12.96,"('192.168.1.3', 62355)",2.9743435382843018
12.96,"('192.168.1.3', 62355)",2.9743435382843018
-40.12;-23.75;178.27,"('192.168.1.3', 62357)",2.976212501525879
12.96,"('192.168.1.3', 62355)",2.976212501525879
-39.94;-23.83;177.61,"('192.168.1.3', 62357)",2.9872517585754395
12.96,"('192.168.1.3', 62355)",2.9872517585754395
166.01116437664368;150.54223874752455;83.024448608527,"('192.168.1.3', 51954)",3.0029056072235107
12.96,"('192.168.1.3', 62355)",3.0185296535491943
12.96,"('192.168.1.3', 62355)",3.0341508388519287
170.80365558123563;159.44019994533795;91.05532921066839,"('192.168.1.3', 51954)",3.050121784210205
12.96,"('192.168.1.3', 62355)",3.057164430618286
12.96,"('192.168.1.3', 62355)",3.057164430618286
12.96,"('192.168.1.3', 62355)",3.057164430618286
12.22,"('192.168.1.3', 62355)",3.057164430618286
12.22,"('192.168.1.3', 62355)",3.066202402114868
12.22,"('192.168.1.3', 62355)",3.066202402114868
12.22,"('192.168.1.3', 62355)",3.0818583965301514
173.17149596218854;157.7059903106499;91.34483410295468,"('192.168.1.3', 51954)",3.0976507663726807
-39.74;-23.96;176.83,"('192.168.1.3', 62357)",3.0976507663726807
12.22,"('192.168.1.3', 62355)",3.0976507663726807
12.22,"('192.168.1.3', 62355)",3.1131021976470947
12.22,"('192.168.1.3', 62355)",3.1131021976470947
12.22,"('192.168.1.3', 62355)",3.12872314453125
12.22,"('192.168.1.3', 62355)",3.12872314453125
168.665316758801;152.84979457001168;89.33948136767805,"('192.168.1.3', 51954)",3.1445767879486084
-39.54;-24.17;176.07,"('192.168.1.3', 62357)",3.1445767879486084
-39.32;-24.44;175.25,"('192.168.1.3', 62357)",3.1445767879486084
-39.11;-24.73;174.38,"('192.168.1.3', 62357)",3.1445767879486084
-38.89;-25.01;173.44,"('192.168.1.3', 62357)",3.1445767879486084
-38.69;-25.26;172.43,"('192.168.1.3', 62357)",3.1445767879486084
-38.52;-25.52;171.37,"('192.168.1.3', 62357)",3.1445767879486084
-38.34;-25.82;170.26,"('192.168.1.3', 62357)",3.1445767879486084
-38.10;-26.20;169.08,"('192.168.1.3', 62357)",3.1445767879486084
9.56,"('192.168.1.3', 62355)",3.1445767879486084
-37.43;-27.34;165.22,"('192.168.1.3', 62357)",3.1445767879486084
9.56,"('192.168.1.3', 62355)",3.1606509685516357
-37.23;-27.73;163.91,"('192.168.1.3', 62357)",3.1606509685516357
9.56,"('192.168.1.3', 62355)",3.1606509685516357
-37.07;-28.17;162.58,"('192.168.1.3', 62357)",3.1763103008270264
9.56,"('192.168.1.3', 62355)",3.1763103008270264
173.6012687358768;156.15671901960263;94.06201955226999,"('192.168.1.3', 51954)",3.1920926570892334
9.56,"('192.168.1.3', 62355)",3.1920926570892334
9.56,"('192.168.1.3', 62355)",3.207517623901367
9.56,"('192.168.1.3', 62355)",3.223172664642334
9.56,"('192.168.1.3', 62355)",3.223172664642334
9.56,"('192.168.1.3', 62355)",3.223172664642334
-36.93;-28.67;161.23,"('192.168.1.3', 62357)",3.223172664642334
-36.78;-29.26;159.83,"('192.168.1.3', 62357)",3.223172664642334
-36.61;-29.89;158.21,"('192.168.1.3', 62357)",3.223172664642334
-36.37;-30.38;156.72,"('192.168.1.3', 62357)",3.2388107776641846
172.88331159321638;161.3082827543252;93.72026618202142,"('192.168.1.3', 51954)",3.2388107776641846
-36.13;-30.67;154.85,"('192.168.1.3', 62357)",3.2388107776641846
7.00,"('192.168.1.3', 62355)",3.2388107776641846
7.00,"('192.168.1.3', 62355)",3.2704906463623047
-35.76;-30.70;152.98,"('192.168.1.3', 62357)",3.2704906463623047
171.0992094067897;162.9201907796323;92.46210341403219,"('192.168.1.3', 51954)",3.286289930343628
7.00,"('192.168.1.3', 62355)",3.286289930343628
7.00,"('192.168.1.3', 62355)",3.286289930343628
7.00,"('192.168.1.3', 62355)",3.301738739013672
7.00,"('192.168.1.3', 62355)",3.301738739013672
7.00,"('192.168.1.3', 62355)",3.301738739013672
-35.38;-30.67;150.98,"('192.168.1.3', 62357)",3.301738739013672
-35.06;-30.83;148.91,"('192.168.1.3', 62357)",3.301738739013672
-34.88;-31.39;146.88,"('192.168.1.3', 62357)",3.301738739013672
-34.86;-32.39;144.96,"('192.168.1.3', 62357)",3.301738739013672
-34.95;-33.66;143.15,"('192.168.1.3', 62357)",3.317389965057373
7.00,"('192.168.1.3', 62355)",3.317389965057373
169.25225067442844;164.03132259710247;91.74245715482783,"('192.168.1.3', 51954)",3.3333077430725098
7.00,"('192.168.1.3', 62355)",3.3333077430725098
-35.12;-34.94;141.36,"('192.168.1.3', 62357)",3.3333077430725098
4.56,"('192.168.1.3', 62355)",3.3333077430725098
-35.33;-36.00;139.40,"('192.168.1.3', 62357)",3.348632574081421
4.56,"('192.168.1.3', 62355)",3.348632574081421
4.56,"('192.168.1.3', 62355)",3.364710569381714
4.56,"('192.168.1.3', 62355)",3.364710569381714
4.56,"('192.168.1.3', 62355)",3.3803348541259766
169.66276117853656;166.76978853854806;92.57451499277317,"('192.168.1.3', 51954)",3.396242141723633
4.56,"('192.168.1.3', 62355)",3.396242141723633
4.56,"('192.168.1.3', 62355)",3.396242141723633
4.56,"('192.168.1.3', 62355)",3.411609649658203
4.56,"('192.168.1.3', 62355)",3.411609649658203
-35.45;-36.53;137.50,"('192.168.1.3', 62357)",3.4272332191467285
-35.54;-36.66;135.57,"('192.168.1.3', 62357)",3.4272332191467285
-35.55;-36.62;133.66,"('192.168.1.3', 62357)",3.4272332191467285
-35.47;-36.80;131.90,"('192.168.1.3', 62357)",3.4272332191467285
-35.41;-37.32;130.37,"('192.168.1.3', 62357)",3.4272332191467285
-35.44;-38.15;129.09,"('192.168.1.3', 62357)",3.4272332191467285
2.38,"('192.168.1.3', 62355)",3.4272332191467285
-35.52;-39.22;128.03,"('192.168.1.3', 62357)",3.4272332191467285
167.4432891291215;166.94952066996896;91.64813817403353,"('192.168.1.3', 51954)",3.443072557449341
2.38,"('192.168.1.3', 62355)",3.443072557449341
2.38,"('192.168.1.3', 62355)",3.443072557449341
-35.59;-40.46;127.00,"('192.168.1.3', 62357)",3.459151268005371
2.38,"('192.168.1.3', 62355)",3.459151268005371
-35.58;-41.46;126.08,"('192.168.1.3', 62357)",3.4748106002807617
-35.44;-42.10;125.19,"('192.168.1.3', 62357)",3.4748106002807617
2.38,"('192.168.1.3', 62355)",3.4748106002807617
2.38,"('192.168.1.3', 62355)",3.4748106002807617
167.48361752755122;164.24260442787332;91.89425493475875,"('192.168.1.3', 51954)",3.4909281730651855
-35.07;-42.50;124.27,"('192.168.1.3', 62357)",3.5068070888519287
2.38,"('192.168.1.3', 62355)",3.5068070888519287
-34.60;-42.58;123.36,"('192.168.1.3', 62357)",3.5068070888519287
2.38,"('192.168.1.3', 62355)",3.5068070888519287
0.86,"('192.168.1.3', 62355)",3.5068070888519287
-34.08;-42.59;122.50,"('192.168.1.3', 62357)",3.5068070888519287
0.86,"('192.168.1.3', 62355)",3.5224668979644775
-33.49;-42.80;121.82,"('192.168.1.3', 62357)",3.5224668979644775
167.02771688400244;164.24995850758071;91.37502115255205,"('192.168.1.3', 51954)",3.538346529006958
0.86,"('192.168.1.3', 62355)",3.538346529006958
0.86,"('192.168.1.3', 62355)",3.557753562927246
0.86,"('192.168.1.3', 62355)",3.557753562927246
0.86,"('192.168.1.3', 62355)",3.5854671001434326
0.86,"('192.168.1.3', 62355)",3.5854671001434326
0.86,"('192.168.1.3', 62355)",3.5854671001434326
0.86,"('192.168.1.3', 62355)",3.601069688796997
167.16933231173488;162.93505795373292;91.60334021585857,"('192.168.1.3', 51954)",3.6169822216033936
0.30,"('192.168.1.3', 62355)",3.6169822216033936
0.30,"('192.168.1.3', 62355)",3.6169822216033936
0.30,"('192.168.1.3', 62355)",3.632326364517212
0.30,"('192.168.1.3', 62355)",3.632326364517212
0.30,"('192.168.1.3', 62355)",3.6579413414001465
167.08955521882598;161.99112742243807;92.33887549297765,"('192.168.1.3', 51954)",3.6642348766326904
0.30,"('192.168.1.3', 62355)",3.6642348766326904
0.30,"('192.168.1.3', 62355)",3.6642348766326904
0.30,"('192.168.1.3', 62355)",3.679892063140869
-32.89;-43.32;121.25,"('192.168.1.3', 62357)",3.679892063140869
-32.27;-44.06;120.75,"('192.168.1.3', 62357)",3.679892063140869
-31.55;-44.82;120.25,"('192.168.1.3', 62357)",3.679892063140869
-30.75;-45.24;119.67,"('192.168.1.3', 62357)",3.679892063140869
-29.88;-45.20;119.01,"('192.168.1.3', 62357)",3.679892063140869
-28.99;-44.82;118.32,"('192.168.1.3', 62357)",3.679892063140869
-28.13;-44.48;117.57,"('192.168.1.3', 62357)",3.679892063140869
-27.32;-44.52;116.89,"('192.168.1.3', 62357)",3.679892063140869
0.30,"('192.168.1.3', 62355)",3.679892063140869
-24.25;-47.94;112.86,"('192.168.1.3', 62357)",3.6955134868621826
0.24,"('192.168.1.3', 62355)",3.6955134868621826
122.70383132757124;172.96749915023943;32.8136633582414,"('192.168.1.3', 51954)",3.7114241123199463
0.24,"('192.168.1.3', 62355)",3.726757764816284
0.24,"('192.168.1.3', 62355)",3.726757764816284
-23.78;-48.26;111.82,"('192.168.1.3', 62357)",3.726757764816284
-23.33;-48.81;110.75,"('192.168.1.3', 62357)",3.726757764816284
0.24,"('192.168.1.3', 62355)",3.726757764816284
-22.94;-49.84;109.70,"('192.168.1.3', 62357)",3.7423782348632812
0.24,"('192.168.1.3', 62355)",3.7423782348632812
112.41859145722344;178.38281864346126;27.86804255995696,"('192.168.1.3', 51954)",3.7580978870391846
0.24,"('192.168.1.3', 62355)",3.7580978870391846
-22.59;-51.50;108.53,"('192.168.1.3', 62357)",3.7580978870391846
-22.24;-53.31;107.38,"('192.168.1.3', 62357)",3.7580978870391846
0.24,"('192.168.1.3', 62355)",3.7580978870391846
0.24,"('192.168.1.3', 62355)",3.7737560272216797
-21.89;-54.99;106.10,"('192.168.1.3', 62357)",3.7737560272216797
0.24,"('192.168.1.3', 62355)",3.7737560272216797
-21.51;-56.31;104.67,"('192.168.1.3', 62357)",3.7893760204315186
0.24,"('192.168.1.3', 62355)",3.7893760204315186
0.24,"('192.168.1.3', 62355)",3.820626735687256
117.56515539593624;168.91406491547224;29.74241142118376,"('192.168.1.3', 51954)",3.820626735687256
0.24,"('192.168.1.3', 62355)",3.820626735687256
-21.05;-57.27;103.14,"('192.168.1.3', 62357)",3.820626735687256
-20.55;-58.21;101.48,"('192.168.1.3', 62357)",3.820626735687256
0.24,"('192.168.1.3', 62355)",3.820626735687256
-19.98;-59.25;99.97,"('192.168.1.3', 62357)",3.836266279220581
0.24,"('192.168.1.3', 62355)",3.836266279220581
-19.35;-60.45;98.49,"('192.168.1.3', 62357)",3.836266279220581
0.24,"('192.168.1.3', 62355)",3.8518736362457275
0.24,"('192.168.1.3', 62355)",3.8679630756378174
-18.62;-61.73;96.99,"('192.168.1.3', 62357)",3.8679630756378174
0.24,"('192.168.1.3', 62355)",3.8679630756378174
-17.80;-62.90;95.45,"('192.168.1.3', 62357)",3.8679630756378174
0.24,"('192.168.1.3', 62355)",3.8679630756378174
-16.88;-63.90;93.72,"('192.168.1.3', 62357)",3.883620500564575
0.26,"('192.168.1.3', 62355)",3.883620500564575
-15.87;-64.56;92.08,"('192.168.1.3', 62357)",3.8993945121765137
115.0985203639548;175.47453427767678;20.417720775730572,"('192.168.1.3', 51954)",3.9148571491241455
0.26,"('192.168.1.3', 62355)",3.9148571491241455
0.26,"('192.168.1.3', 62355)",3.9148571491241455
0.26,"('192.168.1.3', 62355)",3.9148571491241455
0.26,"('192.168.1.3', 62355)",3.93047833442688
-14.74;-65.09;90.43,"('192.168.1.3', 62357)",3.93047833442688
0.26,"('192.168.1.3', 62355)",3.9460997581481934
0.26,"('192.168.1.3', 62355)",3.9460997581481934
-13.54;-65.63;88.81,"('192.168.1.3', 62357)",3.9460997581481934
-12.30;-66.27;87.25,"('192.168.1.3', 62357)",3.9460997581481934
-11.03;-67.20;85.61,"('192.168.1.3', 62357)",3.9460997581481934
125.20623726167858;159.36147980553;6.860733431801975,"('192.168.1.3', 51954)",3.962167739868164
0.26,"('192.168.1.3', 62355)",3.962167739868164
-9.85;-68.16;84.11,"('192.168.1.3', 62357)",3.962167739868164
0.26,"('192.168.1.3', 62355)",3.962167739868164
-8.73;-69.01;82.62,"('192.168.1.3', 62357)",3.9777913093566895
0.28,"('192.168.1.3', 62355)",3.9777913093566895
0.28,"('192.168.1.3', 62355)",3.993412733078003
-7.67;-69.64;81.15,"('192.168.1.3', 62357)",3.993412733078003
0.28,"('192.168.1.3', 62355)",4.012021541595459
-4.55;-68.50;79.69,"('192.168.1.3', 62357)",4.012021541595459
-1.64;-67.25;78.26,"('192.168.1.3', 62357)",4.014439344406128
0.28,"('192.168.1.3', 62355)",4.014439344406128
135.82858304642554;159.23327259745787;3.3271341225942592,"('192.168.1.3', 51954)",4.024975538253784
1.11;-65.68;76.75,"('192.168.1.3', 62357)",4.024975538253784
3.74;-63.97;75.35,"('192.168.1.3', 62357)",4.056254148483276
0.28,"('192.168.1.3', 62355)",4.056254148483276
0.28,"('192.168.1.3', 62355)",4.058785676956177
0.28,"('192.168.1.3', 62355)",4.058785676956177
6.28;-62.18;73.96,"('192.168.1.3', 62357)",4.058785676956177
0.28,"('192.168.1.3', 62355)",4.058785676956177
8.70;-60.39;72.58,"('192.168.1.3', 62357)",4.072324752807617
129.00085053294893;161.08559977828142;3.4236847867922235,"('192.168.1.3', 51954)",4.087981700897217
0.28,"('192.168.1.3', 62355)",4.087981700897217
11.01;-58.71;71.22,"('192.168.1.3', 62357)",4.087981700897217
0.29,"('192.168.1.3', 62355)",4.087981700897217
13.19;-57.08;69.91,"('192.168.1.3', 62357)",4.103571176528931
0.29,"('192.168.1.3', 62355)",4.103571176528931
0.29,"('192.168.1.3', 62355)",4.103571176528931
0.29,"('192.168.1.3', 62355)",4.103571176528931
15.22;-55.52;68.65,"('192.168.1.3', 62357)",4.103571176528931
0.29,"('192.168.1.3', 62355)",4.119223594665527
112.90697649194672;162.16776919900167;2.3288663396120866,"('192.168.1.3', 51954)",4.135087251663208
17.16;-54.06;67.45,"('192.168.1.3', 62357)",4.135087251663208
0.29,"('192.168.1.3', 62355)",4.135087251663208
18.93;-52.58;66.20,"('192.168.1.3', 62357)",4.135087251663208
0.29,"('192.168.1.3', 62355)",4.135087251663208
20.66;-51.29;65.11,"('192.168.1.3', 62357)",4.150468587875366
0.29,"('192.168.1.3', 62355)",4.150468587875366
0.30,"('192.168.1.3', 62355)",4.166540622711182
99.60169398524278;126.58020942872714;12.15671790354513,"('192.168.1.3', 51954)",4.182490348815918
22.31;-50.12;64.10,"('192.168.1.3', 62357)",4.182490348815918
0.30,"('192.168.1.3', 62355)",4.182490348815918
23.86;-49.03;63.16,"('192.168.1.3', 62357)",4.182490348815918
0.30,"('192.168.1.3', 62355)",4.182490348815918
23.62;-49.79;62.30,"('192.168.1.3', 62357)",4.182490348815918
0.30,"('192.168.1.3', 62355)",4.182490348815918
23.35;-50.40;61.49,"('192.168.1.3', 62357)",4.197818756103516
0.30,"('192.168.1.3', 62355)",4.197818756103516
0.30,"('192.168.1.3', 62355)",4.21343994140625
23.05;-50.86;60.69,"('192.168.1.3', 62357)",4.21343994140625
0.30,"('192.168.1.3', 62355)",4.21343994140625
22.82;-51.17;60.00,"('192.168.1.3', 62357)",4.229029655456543
0.30,"('192.168.1.3', 62355)",4.229029655456543
85.91564188700306;132.36324157385954;18.312169834773822,"('192.168.1.3', 51954)",4.245034217834473
0.30,"('192.168.1.3', 62355)",4.245034217834473
22.60;-51.44;59.36,"('192.168.1.3', 62357)",4.245034217834473
0.30,"('192.168.1.3', 62355)",4.259071588516235
22.40;-51.73;58.76,"('192.168.1.3', 62357)",4.259071588516235
22.20;-52.06;58.22,"('192.168.1.3', 62357)",4.2611083984375
0.30,"('192.168.1.3', 62355)",4.2611083984375
0.30,"('192.168.1.3', 62355)",4.276767253875732
21.93;-52.49;57.70,"('192.168.1.3', 62357)",4.276767253875732
85.59970203383318;130.87198135321236;21.42697761164621,"('192.168.1.3', 51954)",4.292705059051514
0.30,"('192.168.1.3', 62355)",4.292705059051514
21.69;-52.94;57.27,"('192.168.1.3', 62357)",4.292705059051514
0.30,"('192.168.1.3', 62355)",4.292705059051514
21.47;-53.44;56.88,"('192.168.1.3', 62357)",4.30797815322876
0.30,"('192.168.1.3', 62355)",4.30797815322876
0.30,"('192.168.1.3', 62355)",4.3236284255981445
21.29;-54.03;56.53,"('192.168.1.3', 62357)",4.3236284255981445
0.30,"('192.168.1.3', 62355)",4.3236284255981445
21.16;-54.72;56.20,"('192.168.1.3', 62357)",4.3236284255981445
87.8975944071625;136.31248572118056;24.562906176933076,"('192.168.1.3', 51954)",4.339462041854858
0.30,"('192.168.1.3', 62355)",4.339462041854858
21.08;-55.51;55.85,"('192.168.1.3', 62357)",4.354872703552246
0.31,"('192.168.1.3', 62355)",4.354872703552246
0.31,"('192.168.1.3', 62355)",4.359411954879761
21.01;-56.42;55.48,"('192.168.1.3', 62357)",4.359411954879761
0.31,"('192.168.1.3', 62355)",4.370950698852539
77.80019901279331;136.0067231879026;28.677042065245967,"('192.168.1.3', 51954)",4.386754512786865
21.00;-57.16;55.13,"('192.168.1.3', 62357)",4.386754512786865
20.99;-57.75;54.79,"('192.168.1.3', 62357)",4.386754512786865
21.00;-58.18;54.48,"('192.168.1.3', 62357)",4.402227163314819
0.31,"('192.168.1.3', 62355)",4.402227163314819
0.31,"('192.168.1.3', 62355)",4.402227163314819
0.31,"('192.168.1.3', 62355)",4.402227163314819
0.31,"('192.168.1.3', 62355)",4.402227163314819
21.02;-58.46;54.26,"('192.168.1.3', 62357)",4.402227163314819
0.31,"('192.168.1.3', 62355)",4.43347430229187
21.06;-58.55;54.15,"('192.168.1.3', 62357)",4.43347430229187
0.31,"('192.168.1.3', 62355)",4.449061870574951
0.32,"('192.168.1.3', 62355)",4.449061870574951
21.06;-58.52;54.19,"('192.168.1.3', 62357)",4.464897632598877
69.39483498273273;120.47758927004058;30.323912541843246,"('192.168.1.3', 51954)",4.464897632598877
0.32,"('192.168.1.3', 62355)",4.464897632598877
0.32,"('192.168.1.3', 62355)",4.464897632598877
21.03;-58.41;54.40,"('192.168.1.3', 62357)",4.464897632598877
0.32,"('192.168.1.3', 62355)",4.480560064315796
20.87;-58.35;54.77,"('192.168.1.3', 62357)",4.480560064315796
0.32,"('192.168.1.3', 62355)",4.480560064315796
20.50;-58.37;55.30,"('192.168.1.3', 62357)",4.480560064315796
19.95;-58.31;55.97,"('192.168.1.3', 62357)",4.480560064315796
0.32,"('192.168.1.3', 62355)",4.496178388595581
19.20;-58.14;56.75,"('192.168.1.3', 62357)",4.496178388595581
0.32,"('192.168.1.3', 62355)",4.496178388595581
69.0533765322188;122.87835296625602;30.430380683977386,"('192.168.1.3', 51954)",4.512063503265381
0.32,"('192.168.1.3', 62355)",4.512063503265381
18.23;-57.92;57.64,"('192.168.1.3', 62357)",4.512063503265381
0.32,"('192.168.1.3', 62355)",4.532510042190552
68.15750381864876;127.0818416095091;31.77589620778003,"('192.168.1.3', 51954)",4.559413909912109
17.08;-57.75;58.62,"('192.168.1.3', 62357)",4.559952020645142
0.32,"('192.168.1.3', 62355)",4.559952020645142
0.32,"('192.168.1.3', 62355)",4.559952020645142
0.32,"('192.168.1.3', 62355)",4.559952020645142
15.70;-57.63;59.76,"('192.168.1.3', 62357)",4.559952020645142
14.35;-57.51;60.92,"('192.168.1.3', 62357)",4.559952020645142
0.32,"('192.168.1.3', 62355)",4.559952020645142
12.99;-57.20;62.10,"('192.168.1.3', 62357)",4.575490236282349
0.32,"('192.168.1.3', 62355)",4.575490236282349
11.63;-56.59;63.25,"('192.168.1.3', 62357)",4.575490236282349
10.27;-55.80;64.41,"('192.168.1.3', 62357)",4.591145753860474
68.78655228115986;124.85382172817556;32.10011943689659,"('192.168.1.3', 51954)",4.607140302658081
8.89;-55.03;65.59,"('192.168.1.3', 62357)",4.607140302658081
7.52;-54.39;66.76,"('192.168.1.3', 62357)",4.62239670753479
0.32,"('192.168.1.3', 62355)",4.62239670753479
6.19;-53.77;67.86,"('192.168.1.3', 62357)",4.6380109786987305
0.32,"('192.168.1.3', 62355)",4.6380109786987305
0.32,"('192.168.1.3', 62355)",4.6380109786987305
0.32,"('192.168.1.3', 62355)",4.6380109786987305
71.94448787849694;128.36144556132933;33.32132632182562,"('192.168.1.3', 51954)",4.653769016265869
0.32,"('192.168.1.3', 62355)",4.653769016265869
4.83;-53.12;68.97,"('192.168.1.3', 62357)",4.653769016265869
0.32,"('192.168.1.3', 62355)",4.653769016265869
0.32,"('192.168.1.3', 62355)",4.660274982452393
3.75;-52.50;69.92,"('192.168.1.3', 62357)",4.660274982452393
0.32,"('192.168.1.3', 62355)",4.660274982452393
2.87;-51.84;70.75,"('192.168.1.3', 62357)",4.6698174476623535
0.32,"('192.168.1.3', 62355)",4.6698174476623535
0.32,"('192.168.1.3', 62355)",4.685477018356323
2.15;-51.17;71.45,"('192.168.1.3', 62357)",4.685477018356323
0.32,"('192.168.1.3', 62355)",4.685477018356323
70.12023850414192;120.62459380533329;33.1422995221056,"('192.168.1.3', 51954)",4.701413869857788
1.68;-50.49;72.03,"('192.168.1.3', 62357)",4.701413869857788
0.32,"('192.168.1.3', 62355)",4.701413869857788
1.44;-49.84;72.45,"('192.168.1.3', 62357)",4.732338190078735
0.32,"('192.168.1.3', 62355)",4.732338190078735
1.31;-49.27;72.76,"('192.168.1.3', 62357)",4.732338190078735
1.47;-48.67;72.88,"('192.168.1.3', 62357)",4.747960805892944
65.87213101234079;107.89211099620468;30.901359846135588,"('192.168.1.3', 51954)",4.747960805892944
0.33,"('192.168.1.3', 62355)",4.747960805892944
0.33,"('192.168.1.3', 62355)",4.747960805892944
0.33,"('192.168.1.3', 62355)",4.747960805892944
1.97;-47.71;72.81,"('192.168.1.3', 62357)",4.747960805892944
0.33,"('192.168.1.3', 62355)",4.747960805892944
2.74;-46.49;72.50,"('192.168.1.3', 62357)",4.764005661010742
0.33,"('192.168.1.3', 62355)",4.764005661010742
0.33,"('192.168.1.3', 62355)",4.764005661010742
3.64;-45.16;72.03,"('192.168.1.3', 62357)",4.779660701751709
0.33,"('192.168.1.3', 62355)",4.779660701751709
62.238432257538136;102.80586823651915;29.7644918730093,"('192.168.1.3', 51954)",4.79555606842041
4.62;-43.79;71.42,"('192.168.1.3', 62357)",4.79555606842041
0.33,"('192.168.1.3', 62355)",4.8109049797058105
0.33,"('192.168.1.3', 62355)",4.8109049797058105
0.33,"('192.168.1.3', 62355)",4.8109049797058105
5.67;-42.63;70.87,"('192.168.1.3', 62357)",4.826528310775757
0.33,"('192.168.1.3', 62355)",4.826528310775757
71.12215622622085;134.14250324949273;29.660967784906198,"('192.168.1.3', 51954)",4.842385292053223
0.33,"('192.168.1.3', 62355)",4.842385292053223
6.70;-41.65;70.43,"('192.168.1.3', 62357)",4.842385292053223
7.61;-40.90;70.12,"('192.168.1.3', 62357)",4.842385292053223
8.39;-40.35;69.94,"('192.168.1.3', 62357)",4.842385292053223
0.33,"('192.168.1.3', 62355)",4.842385292053223
9.11;-39.87;69.89,"('192.168.1.3', 62357)",4.860748529434204
0.33,"('192.168.1.3', 62355)",4.860748529434204
0.33,"('192.168.1.3', 62355)",4.873781204223633
9.76;-39.37;69.96,"('192.168.1.3', 62357)",4.873781204223633
0.33,"('192.168.1.3', 62355)",4.873781204223633
10.34;-38.79;70.14,"('192.168.1.3', 62357)",4.88940691947937
68.45394337344749;175.6123173034897;30.56624326039473,"('192.168.1.3', 51954)",4.905026912689209
0.33,"('192.168.1.3', 62355)",4.905026912689209
0.33,"('192.168.1.3', 62355)",4.905026912689209
10.85;-38.33;70.38,"('192.168.1.3', 62357)",4.905026912689209
11.25;-38.03;70.66,"('192.168.1.3', 62357)",4.905026912689209
0.34,"('192.168.1.3', 62355)",4.905026912689209
11.65;-37.75;70.96,"('192.168.1.3', 62357)",4.920649766921997
0.34,"('192.168.1.3', 62355)",4.936270236968994
0.34,"('192.168.1.3', 62355)",4.936270236968994
12.07;-37.41;71.23,"('192.168.1.3', 62357)",4.936270236968994
0.34,"('192.168.1.3', 62355)",4.936270236968994
12.53;-36.96;71.44,"('192.168.1.3', 62357)",4.95189094543457
0.34,"('192.168.1.3', 62355)",4.95189094543457
69.32855890220912;168.7908811102348;30.766286037400718,"('192.168.1.3', 51954)",4.9679038524627686
0.34,"('192.168.1.3', 62355)",4.9679038524627686
13.01;-36.41;71.58,"('192.168.1.3', 62357)",4.9679038524627686
0.34,"('192.168.1.3', 62355)",4.9679038524627686
13.46;-35.86;71.69,"('192.168.1.3', 62357)",4.999149322509766
0.34,"('192.168.1.3', 62355)",4.999149322509766
0.34,"('192.168.1.3', 62355)",4.999149322509766
0.34,"('192.168.1.3', 62355)",5.014770269393921
13.86;-35.46;71.81,"('192.168.1.3', 62357)",5.014770269393921
0.34,"('192.168.1.3', 62355)",5.014770269393921
14.14;-35.30;71.94,"('192.168.1.3', 62357)",5.014770269393921
14.36;-35.30;72.07,"('192.168.1.3', 62357)",5.014770269393921
58.06463853677542;163.36801823436258;30.06259719958659,"('192.168.1.3', 51954)",5.030391454696655
0.34,"('192.168.1.3', 62355)",5.030391454696655
0.34,"('192.168.1.3', 62355)",5.030391454696655
0.34,"('192.168.1.3', 62355)",5.050967216491699
14.55;-35.34;72.18,"('192.168.1.3', 62357)",5.050967216491699
14.69;-35.31;72.27,"('192.168.1.3', 62357)",5.050967216491699
14.84;-34.97;72.21,"('192.168.1.3', 62357)",5.050967216491699
0.34,"('192.168.1.3', 62355)",5.061976194381714
15.02;-34.64;72.18,"('192.168.1.3', 62357)",5.061976194381714
54.74512237698514;163.58790227362158;29.60455227302622,"('192.168.1.3', 51954)",5.0776002407073975
0.34,"('192.168.1.3', 62355)",5.0776002407073975
15.21;-34.42;72.15,"('192.168.1.3', 62357)",5.0776002407073975
0.34,"('192.168.1.3', 62355)",5.093222141265869
0.34,"('192.168.1.3', 62355)",5.093222141265869
15.41;-34.17;72.14,"('192.168.1.3', 62357)",5.093222141265869
15.59;-33.92;72.14,"('192.168.1.3', 62357)",5.108842611312866
0.34,"('192.168.1.3', 62355)",5.108842611312866
0.34,"('192.168.1.3', 62355)",5.108842611312866
0.34,"('192.168.1.3', 62355)",5.124464273452759
15.77;-33.56;72.13,"('192.168.1.3', 62357)",5.124464273452759
0.34,"('192.168.1.3', 62355)",5.124464273452759
15.95;-33.16;72.10,"('192.168.1.3', 62357)",5.124464273452759
52.356487448050586;160.01689347810003;29.141437797980217,"('192.168.1.3', 51954)",5.140085458755493
0.34,"('192.168.1.3', 62355)",5.140085458755493
16.13;-32.76;72.01,"('192.168.1.3', 62357)",5.140085458755493
0.34,"('192.168.1.3', 62355)",5.155707120895386
16.29;-32.38;71.85,"('192.168.1.3', 62357)",5.1612160205841064
16.45;-31.96;71.64,"('192.168.1.3', 62357)",5.187346458435059
0.34,"('192.168.1.3', 62355)",5.20296835899353
0.34,"('192.168.1.3', 62355)",5.20296835899353
16.62;-31.51;71.39,"('192.168.1.3', 62357)",5.20296835899353
16.75;-31.12;71.14,"('192.168.1.3', 62357)",5.20296835899353
0.34,"('192.168.1.3', 62355)",5.20296835899353
0.34,"('192.168.1.3', 62355)",5.20296835899353
0.34,"('192.168.1.3', 62355)",5.20296835899353
16.93;-30.79;70.89,"('192.168.1.3', 62357)",5.20296835899353
0.34,"('192.168.1.3', 62355)",5.20296835899353
94.3111975505467;179.86325615578195;13.151280684513374,"('192.168.1.3', 51954)",5.2185890674591064
0.34,"('192.168.1.3', 62355)",5.234210729598999
17.20;-30.40;70.65,"('192.168.1.3', 62357)",5.234210729598999
0.34,"('192.168.1.3', 62355)",5.2498321533203125
0.34,"('192.168.1.3', 62355)",5.2498321533203125
17.58;-29.99;70.43,"('192.168.1.3', 62357)",5.265845537185669
146.01047990700357;139.63546342690265;13.090822179848299,"('192.168.1.3', 51954)",5.281470060348511
17.92;-29.65;70.18,"('192.168.1.3', 62357)",5.281470060348511
18.24;-29.40;69.91,"('192.168.1.3', 62357)",5.281470060348511
18.54;-29.20;69.66,"('192.168.1.3', 62357)",5.281470060348511
18.82;-29.12;69.43,"('192.168.1.3', 62357)",5.312713384628296
19.05;-29.10;69.23,"('192.168.1.3', 62357)",5.312713384628296
0.34,"('192.168.1.3', 62355)",5.312713384628296
0.34,"('192.168.1.3', 62355)",5.312713384628296
0.35,"('192.168.1.3', 62355)",5.312713384628296
0.35,"('192.168.1.3', 62355)",5.312713384628296
0.35,"('192.168.1.3', 62355)",5.312713384628296
0.35,"('192.168.1.3', 62355)",5.312713384628296
0.35,"('192.168.1.3', 62355)",5.312713384628296
19.30;-29.14;69.07,"('192.168.1.3', 62357)",5.312713384628296
0.35,"('192.168.1.3', 62355)",5.3283374309539795
159.20537180241718;155.17945866451092;12.513981718754788,"('192.168.1.3', 51954)",5.343955039978027
19.56;-29.25;68.92,"('192.168.1.3', 62357)",5.343955039978027
0.35,"('192.168.1.3', 62355)",5.343955039978027
0.35,"('192.168.1.3', 62355)",5.361582517623901
19.84;-29.40;68.82,"('192.168.1.3', 62357)",5.361582517623901
0.35,"('192.168.1.3', 62355)",5.361582517623901
20.18;-29.55;68.73,"('192.168.1.3', 62357)",5.361582517623901
0.35,"('192.168.1.3', 62355)",5.361582517623901
20.37;-29.72;68.75,"('192.168.1.3', 62357)",5.375585556030273
0.35,"('192.168.1.3', 62355)",5.375585556030273
20.51;-29.83;68.73,"('192.168.1.3', 62357)",5.375585556030273
0.35,"('192.168.1.3', 62355)",5.39121675491333
20.56;-29.85;68.71,"('192.168.1.3', 62357)",5.39121675491333
0.35,"('192.168.1.3', 62355)",5.39121675491333
150.9649969750512;164.1912471438618;10.415645808664076,"('192.168.1.3', 51954)",5.40683126449585
20.67;-29.83;68.68,"('192.168.1.3', 62357)",5.40683126449585
0.35,"('192.168.1.3', 62355)",5.40683126449585
20.78;-29.80;68.65,"('192.168.1.3', 62357)",5.4224534034729
0.35,"('192.168.1.3', 62355)",5.438508033752441
20.89;-29.72;68.62,"('192.168.1.3', 62357)",5.438508033752441
0.35,"('192.168.1.3', 62355)",5.438508033752441
0.35,"('192.168.1.3', 62355)",5.438508033752441
138.3396116590628;172.51261180285636;8.170752066748962,"('192.168.1.3', 51954)",5.454370737075806
0.35,"('192.168.1.3', 62355)",5.454370737075806
20.99;-29.63;68.58,"('192.168.1.3', 62357)",5.4618821144104
0.35,"('192.168.1.3', 62355)",5.470418930053711
21.07;-29.55;68.55,"('192.168.1.3', 62357)",5.470418930053711
0.35,"('192.168.1.3', 62355)",5.470418930053711
0.35,"('192.168.1.3', 62355)",5.486402750015259
21.16;-29.49;68.52,"('192.168.1.3', 62357)",5.486402750015259
21.31;-29.37;68.49,"('192.168.1.3', 62357)",5.486402750015259
0.35,"('192.168.1.3', 62355)",5.486402750015259
133.62826226686576;176.3894779032305;4.215364008336075,"('192.168.1.3', 51954)",5.502030372619629
21.48;-29.18;68.48,"('192.168.1.3', 62357)",5.502030372619629
0.35,"('192.168.1.3', 62355)",5.502030372619629
21.62;-28.89;68.48,"('192.168.1.3', 62357)",5.517646312713623
0.35,"('192.168.1.3', 62355)",5.517646312713623
0.35,"('192.168.1.3', 62355)",5.533267974853516
0.35,"('192.168.1.3', 62355)",5.533267974853516
0.35,"('192.168.1.3', 62355)",5.548890113830566
136.67132142102963;174.3096532924801;4.351760851356065,"('192.168.1.3', 51954)",5.565042972564697
21.78;-28.47;68.46,"('192.168.1.3', 62357)",5.5668323040008545
0.35,"('192.168.1.3', 62355)",5.5668323040008545
0.35,"('192.168.1.3', 62355)",5.5809714794158936
21.94;-28.10;68.46,"('192.168.1.3', 62357)",5.5809714794158936
22.13;-27.85;68.49,"('192.168.1.3', 62357)",5.596628427505493
0.35,"('192.168.1.3', 62355)",5.596628427505493
22.34;-27.61;68.51,"('192.168.1.3', 62357)",5.596628427505493
22.56;-27.35;68.51,"('192.168.1.3', 62357)",5.596628427505493
0.35,"('192.168.1.3', 62355)",5.596628427505493
22.75;-27.08;68.50,"('192.168.1.3', 62357)",5.596628427505493
0.35,"('192.168.1.3', 62355)",5.596628427505493
22.90;-26.82;68.47,"('192.168.1.3', 62357)",5.612217426300049
0.35,"('192.168.1.3', 62355)",5.612217426300049
139.06366090747645;176.7154868388548;4.721129765711298,"('192.168.1.3', 51954)",5.627839088439941
23.07;-26.58;68.45,"('192.168.1.3', 62357)",5.627839088439941
0.35,"('192.168.1.3', 62355)",5.627839088439941
0.35,"('192.168.1.3', 62355)",5.627839088439941
23.21;-26.42;68.46,"('192.168.1.3', 62357)",5.627839088439941
0.35,"('192.168.1.3', 62355)",5.6434595584869385
23.35;-26.31;68.45,"('192.168.1.3', 62357)",5.6434595584869385
0.36,"('192.168.1.3', 62355)",5.6434595584869385
23.50;-26.18;68.45,"('192.168.1.3', 62357)",5.66209077835083
0.36,"('192.168.1.3', 62355)",5.66209077835083
23.66;-26.01;68.45,"('192.168.1.3', 62357)",5.675097227096558
0.36,"('192.168.1.3', 62355)",5.675097227096558
0.36,"('192.168.1.3', 62355)",5.675097227096558
141.60305764307327;174.06795971803777;5.033861987078255,"('192.168.1.3', 51954)",5.690755367279053
23.79;-25.88;68.46,"('192.168.1.3', 62357)",5.690755367279053
0.36,"('192.168.1.3', 62355)",5.721965789794922
23.90;-25.78;68.48,"('192.168.1.3', 62357)",5.721965789794922
0.36,"('192.168.1.3', 62355)",5.721965789794922
24.04;-25.68;68.49,"('192.168.1.3', 62357)",5.721965789794922
0.36,"('192.168.1.3', 62355)",5.721965789794922
24.17;-25.58;68.51,"('192.168.1.3', 62357)",5.721965789794922
0.36,"('192.168.1.3', 62355)",5.7376415729522705
0.36,"('192.168.1.3', 62355)",5.7376415729522705
142.33748172331403;177.32212862553334;4.941899466675538,"('192.168.1.3', 51954)",5.753207683563232
24.27;-25.50;68.51,"('192.168.1.3', 62357)",5.762217998504639
0.36,"('192.168.1.3', 62355)",5.762217998504639
0.36,"('192.168.1.3', 62355)",5.762217998504639
24.35;-25.41;68.51,"('192.168.1.3', 62357)",5.762217998504639
0.36,"('192.168.1.3', 62355)",5.76922869682312
24.48;-25.26;68.51,"('192.168.1.3', 62357)",5.76922869682312
0.36,"('192.168.1.3', 62355)",5.76922869682312
24.64;-25.09;68.50,"('192.168.1.3', 62357)",5.76922869682312
0.36,"('192.168.1.3', 62355)",5.784854888916016
24.77;-24.91;68.50,"('192.168.1.3', 62357)",5.784854888916016
0.36,"('192.168.1.3', 62355)",5.800478935241699
24.88;-24.74;68.51,"('192.168.1.3', 62357)",5.800478935241699
0.36,"('192.168.1.3', 62355)",5.800478935241699
142.57349284031903;173.29607899336622;3.82062905114693,"('192.168.1.3', 51954)",5.816101312637329
24.94;-24.58;68.51,"('192.168.1.3', 62357)",5.816101312637329
0.36,"('192.168.1.3', 62355)",5.831716060638428
25.02;-24.46;68.52,"('192.168.1.3', 62357)",5.831716060638428
0.36,"('192.168.1.3', 62355)",5.8473381996154785
0.36,"('192.168.1.3', 62355)",5.8473381996154785
25.14;-24.37;68.54,"('192.168.1.3', 62357)",5.8473381996154785
0.36,"('192.168.1.3', 62355)",5.862358331680298
25.26;-24.28;68.56,"('192.168.1.3', 62357)",5.862358331680298
142.81353116079165;172.59544535579244;3.3973756493755736,"('192.168.1.3', 51954)",5.863365173339844
0.36,"('192.168.1.3', 62355)",5.863365173339844
0.36,"('192.168.1.3', 62355)",5.863365173339844
25.38;-24.18;68.57,"('192.168.1.3', 62357)",5.863365173339844
0.36,"('192.168.1.3', 62355)",5.878988981246948
25.50;-24.10;68.58,"('192.168.1.3', 62357)",5.878988981246948
0.36,"('192.168.1.3', 62355)",5.894610643386841
143.12907567686628;169.0759900332498;3.6156955279811394,"('192.168.1.3', 51954)",5.92608380317688
0.36,"('192.168.1.3', 62355)",5.941978216171265
25.64;-24.07;68.60,"('192.168.1.3', 62357)",5.941978216171265
0.36,"('192.168.1.3', 62355)",5.941978216171265
0.36,"('192.168.1.3', 62355)",5.941978216171265
25.76;-24.10;68.61,"('192.168.1.3', 62357)",5.941978216171265
25.87;-24.09;68.61,"('192.168.1.3', 62357)",5.941978216171265
0.36,"('192.168.1.3', 62355)",5.941978216171265
25.98;-24.04;68.62,"('192.168.1.3', 62357)",5.941978216171265
0.36,"('192.168.1.3', 62355)",5.941978216171265
26.09;-23.90;68.60,"('192.168.1.3', 62357)",5.941978216171265
0.36,"('192.168.1.3', 62355)",5.9579761028289795
0.36,"('192.168.1.3', 62355)",5.97398829460144
0.36,"('192.168.1.3', 62355)",6.005234956741333
